categorie,url
Médias Nationaux,https://www.ilboursa.com/
Médias Nationaux,http://www.tustex.com/
Médias Nationaux,https://www.webmanagercenter.com/
Médias Nationaux,https://africanmanager.com/categorie/finances/
Médias Nationaux,https://africanmanager.com/categorie/actualites/
Médias Nationaux,https://africanmanager.com/categorie/la-une/
Médias Nationaux,https://www.businessnews.com.tn/dernieres-news
Médias Nationaux,https://www.businessnews.com.tn/Dossiers
Médias Nationaux,https://www.leconomistemaghrebin.com/
Médias Nationaux,https://www.espacemanager.com/
Médias Nationaux,https://lapresse.tn/
Médias Nationaux,https://www.entreprises-magazine.com/
Médias Nationaux,https://universnews.tn/
Médias Nationaux,https://www.millim.tn/
Médias Nationaux,https://irbe7.com/
Médias Nationaux,https://www.challenges.tn/category/economie/bourse/
Médias Nationaux,https://radioexpressfm.com/fr/
Médias Nationaux,https://www.leaders.com.tn/
Médias Nationaux,https://www.tap.info.tn/fr/
Médias Internationaux,https://www.lesechos.fr/finance-marches
Médias Internationaux,https://www.lesechos.fr/bourse
Médias Internationaux,https://www.lesechos.fr/economie-france
Médias Internationaux,https://www.boursorama.com/bourse/actualites/marches/
Médias Internationaux,https://www.boursorama.com/bourse/actualites/finances/
Médias Internationaux,https://www.latribune.fr/
Médias Internationaux,https://www.boursorama.com/bourse/actualites/
Médias Internationaux,https://notreafrik.com/
Médias Internationaux,https://www.jeuneafrique.com/
Indices Boursiers,https://www.bvmt.com.tn
Indices Boursiers,https://www.boursorama.com/bourse/indices/internationaux
Indices Boursiers,https://www.investing.com/indices
Indices Boursiers,https://www.egx.com.eg/ar/EGX_Error.aspx?aspxerrorpath=/ar/Indices.aspx
Indices Boursiers,https://www.casablanca-bourse.com/fr
Indices Boursiers,https://countryeconomy.com/stock-exchange
