SOCIETES,INTERMEDIAIRES,MOTS_CLES
amen bank,afc,tunindex
assurances maghrebia,amen invest,tunindex20
assurances maghrebia vie,attijari intermediation,ipo
astree,best invest,augmentation de capital
atb,bh invest,dividendes
atl,bmce,tmm
attijari bank,bna capitaux,taux directeur
attijari leasing,btk conseil,bourse de tunis
best lease,cgi,bvmt
bh assurance,finacorp,bourse des valeurs mobilieres de tunis
bh bank,mac sa,Bourse de Paris
bh leasing,maxula bourse,NYSE
biat,mena capital parteners,S&P 500
bna,sbt,DOW JONES
bt,stb finance,DAX
bte-adp,tsi,CAC40
cil,tunisie valeurs,FTSE 100
hannibal lease,ubci bourse,FED
plac. tsie-sicaf,ufi,BCE
spdit - sicaf,uib finance,Banque Centrale Européenne
star,union capital,Bourse
stb,,Bourses Mondiales
tuninvest-sicar,,Euronext
tunis re,,Bourse de New York
uib,,OPCVM
wifack int bank,,
sotetel,,
tawasol gp holding,,
artes,,
cellcom,,
city cars,,
ennakl automobiles,,
magasin general,,
monoprix,,
smart tunisie,,
sotumag,,
sta,,
tunisair,,
uadh,,
siphat,,
unimed,,
assad,,
atelier meuble int,,
delice holding,,
euro-cycles,,
land'or,,
new body line,,
officeplast,,
poulina gp holding,,
sah,,
sfbt,,
stip,,
carthage cement,,
ciments de bizerte,,
essoukna,,
mpbs,,
one tech holding,,
sanimed,,
siame,,
simpar,,
sits,,
somocer,,
sotemail,,
sotuver,,
air liquide tsie,,
alkimia,,
icf,,
sotipapier,,
tpr,,
sotrapil,,
aetech,,
telnet holding,,
